{
  "accuracy": 0.8846153846153846,
  "precision": 0.8533333333333334,
  "recall": 0.9846153846153847,
  "f1_score": 0.9142857142857143,
  "auc": 0.9560322156476002,
  "confusion_matrix": [
    [
      168,
      66
    ],
    [
      6,
      384
    ]
  ],
  "train_history": {
    "train_loss": [
      0.24623778819836475,
      0.1352669767834045,
      0.11739285685424064,
      0.08446792384760606,
      0.07501059430777221,
      0.07160686214479643
    ],
    "val_loss": [
      0.11982034064001507,
      0.1274875659081671,
      0.10606125700804922,
      0.1561193358567026,
      0.08620473038819101,
      0.076173211965296
    ],
    "train_acc": [
      89.97451146983857,
      94.90229396771453,
      95.90059473237044,
      96.70773152081563,
      97.19626168224299,
      96.92013593882753
    ],
    "val_acc": [
      96.56488549618321,
      93.89312977099236,
      95.0381679389313,
      92.93893129770993,
      96.7557251908397,
      97.13740458015268
    ]
  }
}